{
  "problem": "CFGS (Urban et al. 2025, sec. 4.1)",
  "qn_variant": "ssbroyden",
  "loss_transform": "identity",
  "loss_eps": 1e-12,
  "lambda_pde": 1.0,
  "b_coeffs": [
    1.0,
    1.0
  ],
  "domain": {
    "q": [
      0.0,
      1.0
    ],
    "mu": [
      -1.0,
      1.0
    ]
  },
  "n_epochs_run": 5000,
  "best_val_objective_ma": 1.7709335387028347e-10,
  "final_obj_train": 2.0569866643338486e-10,
  "final_obj_val": 2.9081617669568516e-10,
  "final_J_train": 2.0569866643338486e-10,
  "final_J_val": 2.9081617669568516e-10,
  "final_pde_l2": 1.5357876852666206e-05,
  "final_sol_l2": 6.0373325952539155e-06,
  "final_sol_rel_l2": 7.606184341610596e-06,
  "max_abs_err": 1.7628073692321777e-05,
  "mean_abs_err": 3.653586645668838e-06,
  "device": "cuda",
  "torch_version": "1.13.1+cu117",
  "run_name": "cfgs_ssbroyden_identity_20260504_191709",
  "run_tag": "20260504_191709"
}