{
  "problem": "CFGS (Urban et al. 2025, sec. 4.1)",
  "qn_variant": "ssbroyden",
  "loss_transform": "identity",
  "loss_lambda": 0.5,
  "loss_eps": 1e-12,
  "lambda_pde": 1.0,
  "lambda_history": [],
  "b_coeffs": [
    1.0,
    1.0
  ],
  "domain": {
    "q": [
      0.0,
      1.0
    ],
    "mu": [
      -1.0,
      1.0
    ]
  },
  "n_epochs_run": 5000,
  "best_val_objective_ma": 4.818684271046259e-10,
  "final_obj_train": 4.546640008928904e-10,
  "final_obj_val": 3.950249571893494e-10,
  "final_J_train": 4.546640008928904e-10,
  "final_J_val": 3.950249571893494e-10,
  "final_pde_l2": 2.3138113817772025e-05,
  "final_sol_l2": 1.115847135070036e-05,
  "final_sol_rel_l2": 1.4058094154151525e-05,
  "max_abs_err": 1.8853694200515747e-05,
  "mean_abs_err": 5.63526828045724e-06,
  "device": "cuda",
  "torch_version": "1.13.1+cu117",
  "run_name": "cfgs_ssbroyden_identity_20260505_001628",
  "run_tag": "20260505_001628"
}