{
  "problem": "2DH (Urban et al. 2025, sec. 5)",
  "qn_variant": "ssbroyden",
  "loss_transform": "identity",
  "loss_lambda": 0.5,
  "loss_eps": 1e-12,
  "lambda_pde": 1.0,
  "lambda_history": [],
  "a1_wavenumber": 1,
  "a2_wavenumber": 4,
  "k_wavenumber": 1.0,
  "domain": {
    "x": [
      -1.0,
      1.0
    ],
    "y": [
      -1.0,
      1.0
    ]
  },
  "n_epochs_run": 3357,
  "best_val_objective_ma": 4.787681973539293e-06,
  "final_obj_train": 4.4385074033925775e-06,
  "final_obj_val": 4.787681973539293e-06,
  "final_J_train": 4.4385074033925775e-06,
  "final_J_val": 4.787681973539293e-06,
  "final_pde_l2": 0.002197770921485784,
  "final_sol_l2": 4.762729994197064e-05,
  "final_sol_rel_l2": 4.7627299894392275e-05,
  "max_abs_err": 3.5703182220458984e-05,
  "mean_abs_err": 2.3468604922527447e-05,
  "device": "cuda",
  "torch_version": "1.13.1+cu117",
  "run_name": "helmholtz_low_ssbroyden_identity_20260608_211851",
  "run_tag": "20260608_211851"
}