{
  "problem": "NLP (Urban et al. 2025, sec. 5)",
  "qn_variant": "ssbroyden",
  "loss_transform": "identity",
  "loss_eps": 1e-12,
  "lambda_pde": 1.0,
  "k_wavenumber": 4,
  "domain": {
    "x": [
      0.0,
      1.0
    ],
    "y": [
      0.0,
      1.0
    ]
  },
  "n_epochs_run": 20000,
  "best_val_objective_ma": 0.0011453699320554734,
  "final_obj_train": 0.0012919893488287926,
  "final_obj_val": 0.0014143910957500339,
  "final_J_train": 0.0012919893488287926,
  "final_J_val": 0.0014143910957500339,
  "final_pde_l2": 0.04284435728813621,
  "final_sol_l2": 2.5457490741726268e-05,
  "final_sol_rel_l2": 2.27698718838896e-05,
  "max_abs_err": 7.82012939453125e-05,
  "mean_abs_err": 2.036005025729537e-05,
  "device": "cuda",
  "torch_version": "1.13.1+cu117",
  "run_name": "nlp_ssbroyden_identity_20260429_202926",
  "run_tag": "20260429_202926"
}